10.0.50.4 test.bizonline.ae 	test.bizonline.ae test2.bizonline.ae 	test2.bizonline.ae tpts.ae 	tpts.ae inspireinterior.ae 	inspireinterior.ae mgbcontshj.ae 	mgbcontshj.ae citymancontracting.ae 	citymancontracting.ae expressmetals.ae 	expressmetals.ae fazcargo.ae 	fazcargo.ae kmarchgroup.ae 	kmarchgroup.ae flexgym.ae 	flexgym.ae churrosland.ae 	churrosland.ae dallahmc.ae 	dallahmc.ae mescomarine.ae 	mescomarine.ae rwaabet.bizonline.ae 	rwaabet.bizonline.ae jmdclr.ae  jmdclr.ae jidaladiessalon.bizonline.ae 	jidaladiessalon.bizonline.ae cakeawaydxb.ae 	cakeawaydxb.ae doodleuae.ae 	doodleuae.ae redlineauto.ae 	redlineauto.ae alkhashb.ae 	alkhashb.ae pinkyfood.ae 	pinkyfood.ae aperto-for-shoes.ae 	aperto-for-shoes.ae royalfunds.ae 	royalfunds.ae mayohealth.bizonline.ae 	mayohealth.bizonline.ae talabeautycenter.bizonline.ae 	talabeautycenter.bizonline.ae bloudanrestaurant.bizonline.ae 	bloudanrestaurant.bizonline.ae nowandlaterrent.ae 	nowandlaterrent.ae elctrosmart.ae 	elctrosmart.ae arabeskeng.bizonline.ae 	arabeskeng.bizonline.ae creamydelight.ae 	creamydelight.ae nspec.ae 	nspec.ae carteblanchedubai.ae 	carteblanchedubai.ae holabebe.ae 	holabebe.ae nalflaw.com	nalflaw.comluxxio.ae 	luxxio.ae punto.bizonline.ae 	punto.bizonline.ae daralsarh.ae 	daralsarh.ae naturefzc.ae 	naturefzc.ae alswayeh.bizonline.ae 	alswayeh.bizonline.ae alraedtents.ae 	alraedtents.ae royalmarbleest.ae 	royalmarbleest.ae relaves.bizonline.ae 	relaves.bizonline.ae naeempak.bizonline.ae 	naeempak.bizonline.ae petrolcom.bizonline.ae 	petrolcom.bizonline.ae portcer.ae 	portcer.ae theonemotors.ae 	theonemotors.ae alibdaa.bizonline.ae 	alibdaa.bizonline.ae yas-mart-general-trading.bizonline.ae 	yas-mart-general-trading.bizonline.ae ameribrahimsecurity.ae 	ameribrahimsecurity.ae xhairlounge.ae 	xhairlounge.ae ysdentalclinic.bizonline.ae 	ysdentalclinic.bizonline.ae tubainternational.bizonline.ae 	tubainternational.bizonline.ae palmier.ae 	palmier.ae aluart.bizonline.ae 	aluart.bizonline.ae sarkyjewelry.ae 	sarkyjewelry.ae asworld.bizonline.ae 	asworld.bizonline.ae rufanflower.ae 	rufanflower.ae alrayedalternativemedicine.ae 	alrayedalternativemedicine.ae supergym.ae 	supergym.ae emaconferences.ae 	emaconferences.ae royalcorner.ae 	royalcorner.ae najmatdelta.bizonline.ae 	najmatdelta.bizonline.ae aryanacontracting.ae 	aryanacontracting.ae evanglobal.ae 	evanglobal.ae rashedalnuaimi.bizonline.ae 	rashedalnuaimi.bizonline.ae royalavenue.ae 	royalavenue.ae alfactory.ae 	alfactory.ae standardcar.ae 	standardcar.ae kzcargo.ae 	kzcargo.ae justnails.ae 	justnails.ae laraibelect.ae 	laraibelect.ae parivarrestaurant.bizonline.ae 	parivarrestaurant.bizonline.ae biggym.bizonline.ae 	biggym.bizonline.ae shinwoo.bizonline.ae 	shinwoo.bizonline.ae alsalamcenter.ae 	alsalamcenter.ae highnessfastfood.bizonline.ae 	highnessfastfood.bizonline.ae jenstabuildingcleaning.bizonline.ae 	jenstabuildingcleaning.bizonline.ae maxflora.bizonline.ae 	maxflora.bizonline.ae almusbah.bizonline.ae 	almusbah.bizonline.ae freejnarestaurant.ae 	freejnarestaurant.ae alqaedigt.ae 	alqaedigt.ae aljalsah.bizonline.ae 	aljalsah.bizonline.ae twoquarters.bizonline.ae 	twoquarters.bizonline.ae asianplatesrestaurant.ae 	asianplatesrestaurant.ae kulalnejoom.ae 	kulalnejoom.ae actl.ae 	actl.ae urbaneye.ae 	urbaneye.ae starplustransportdxb.ae 	starplustransportdxb.ae petrotech.bizonline.ae 	petrotech.bizonline.ae hedcs.ae 	hedcs.ae dareng.ae 	dareng.ae mayanbeautysalon.ae 	mayanbeautysalon.ae buhaleeba.bizonline.ae 	buhaleeba.bizonline.ae sadeliveryservice.ae 	sadeliveryservice.ae dreamersdxb.bizonline.ae 	dreamersdxb.bizonline.ae jasminebeauty.ae 	jasminebeauty.ae smartscreenmm.bizonline.ae 	smartscreenmm.bizonline.ae maxiservices.ae 	maxiservices.ae alqouqaztourism.ae 	alqouqaztourism.ae maxtimesmokingdokha.ae 	maxtimesmokingdokha.ae www.telefono.ae 	www.telefono.ae docgari.ae 	docgari.ae solomed.ae 	solomed.ae classycarwash.bizonline.ae 	classycarwash.bizonline.ae wideangle.ae 	wideangle.ae kss.ae 	kss.ae foldercraft.ae 	foldercraft.ae mackenzie.ae 	mackenzie.ae alshoruq.bizonline.ae 	alshoruq.bizonline.ae carfix.ae 	carfix.ae altoor.bizonline.ae 	altoor.bizonline.ae laamens.ae 	laamens.ae derbysim.bizonline.ae 	derbysim.bizonline.ae ceekay.bizonline.ae 	ceekay.bizonline.ae frawlaweromman.ae 	frawlaweromman.ae goldenshiphardware.ae 	goldenshiphardware.ae calicutresturant.ae 	calicutresturant.ae coreelementsid.ae 	coreelementsid.ae supermaxfiltors.ae 	supermaxfiltors.ae extremedental.ae 	extremedental.ae danaofficefurniture.ae 	danaofficefurniture.ae altajcarton.ae 	altajcarton.ae taichi.ae 	taichi.ae nileshjew.ae 	nileshjew.ae greenparkloyalty.bizonline.ae 	greenparkloyalty.bizonline.ae cgnparts.ae 	cgnparts.ae easylifepestscontrolservices.ae 	easylifepestscontrolservices.ae shifa468.ae 	shifa468.ae svenm.bizonline.ae 	svenm.bizonline.ae isgtgen.ae 	isgtgen.ae woodbury.ae 	woodbury.ae deleisure.bizonline.ae 	deleisure.bizonline.ae monalizatransport.ae 	monalizatransport.ae archmotasem.ae 	archmotasem.ae style.bizonline.ae 	style.bizonline.ae familyco.ae 	familyco.ae onechoice.bizonline.ae 	onechoice.bizonline.ae zahralsalam.ae 	zahralsalam.ae zeeglesfinance.bizonline.ae 	zeeglesfinance.bizonline.ae anishasan.bizonline.ae 	anishasan.bizonline.ae alwafidecor.ae 	alwafidecor.ae www.qamaralbutinah.ae 	www.qamaralbutinah.ae upsgenerator.bizonline.ae 	upsgenerator.bizonline.ae espoir.bizonline.ae 	espoir.bizonline.ae eurokitchens.ae 	eurokitchens.ae gasuddintrading.bizonline.ae 	gasuddintrading.bizonline.ae accuratemech.bizonline.ae 	accuratemech.bizonline.ae signandgraphic.ae 	signandgraphic.ae swiftway.bizonline.ae 	swiftway.bizonline.ae geomarksvyuae.ae 	geomarksvyuae.ae zerokabab.bizonline.ae 	zerokabab.bizonline.ae bsnluae.ae 	bsnluae.ae impactloans.bizonline.ae 	impactloans.bizonline.ae derbysalesmanagement.bizonline.ae 	derbysalesmanagement.bizonline.ae elephantdor.bizonline.ae 	elephantdor.bizonline.ae tshirtstyle.ae 	tshirtstyle.ae majlisoptical.ae 	majlisoptical.ae next20.ae 	next20.ae gwbusinesscenter.ae 	gwbusinesscenter.ae incrediblefacilitiesmanagement.bizonline.ae 	incrediblefacilitiesmanagement.bizonline.ae alhayattrdllc.ae 	alhayattrdllc.ae alraffagovernmentservicesllc.bizonline.ae 	alraffagovernmentservicesllc.bizonline.ae superdelta.ae 	superdelta.ae drwidadobaydi.ae 	drwidadobaydi.ae idealtargeneraltrading.ae 	idealtargeneraltrading.ae instone.bizonline.ae 	instone.bizonline.ae gapscafeteria.bizonline.ae 	gapscafeteria.bizonline.ae dantydentallab.ae 	dantydentallab.ae alnaweedbuildingmaintenance.bizonline.ae 	alnaweedbuildingmaintenance.bizonline.ae spiritofinnovation.bizonline.ae 	spiritofinnovation.bizonline.ae maxtouchuae.ae 	maxtouchuae.ae oasisexchange.ae 	oasisexchange.ae helpmeemarati.ae 	helpmeemarati.ae dgoodies.ae 	dgoodies.ae axispoint.ae 	axispoint.ae premiergulf.bizonline.ae 	premiergulf.bizonline.ae gncorner.ae 	gncorner.ae gupco.bizonline.ae 	gupco.bizonline.ae dansokoamidor.ae 	dansokoamidor.ae bigbossgroup.ae 	bigbossgroup.ae kayceeshawls.ae 	kayceeshawls.ae aamwb.ae 	aamwb.ae albahjaautospareparts.ae 	albahjaautospareparts.ae pompadorsalon.bizonline.ae 	pompadorsalon.bizonline.ae biladalsham.ae 	biladalsham.ae samperformance.ae 	samperformance.ae promec.ae 	promec.ae flybluetravels.bizonline.ae 	flybluetravels.bizonline.ae zaingas.com	zaingas.comfredsbelgianwaffles.bizonline.ae 	fredsbelgianwaffles.bizonline.ae zoneparking.ae 	zoneparking.ae aimstardxb.ae 	aimstardxb.ae pruebadepanchi.bizonline.ae 	pruebadepanchi.bizonline.ae pampangenos.ae 	pampangenos.ae bimbinouniformstrading.ae 	bimbinouniformstrading.ae jomaco.ae 	jomaco.ae purestyledxb.ae 	purestyledxb.ae sinoma-dubai.ae 	sinoma-dubai.ae off-road.ae 	off-road.ae panakkal.bizonline.ae 	panakkal.bizonline.ae sunshine4sen.ae 	sunshine4sen.ae littlestarsfuj.ae 	littlestarsfuj.ae canciosrestaurant.bizonline.ae 	canciosrestaurant.bizonline.ae jamalalrabieetailoring.ae 	jamalalrabieetailoring.ae moonstarspa.ae 	moonstarspa.ae idssolutions.bizonline.ae 	idssolutions.bizonline.ae betterchoicegeneraltrading.bizonline.ae 	betterchoicegeneraltrading.bizonline.ae nadirandjaber.bizonline.ae 	nadirandjaber.bizonline.ae miragerentcar.ae 	miragerentcar.ae tajalbaraha.ae 	tajalbaraha.ae realproductstrading.ae 	realproductstrading.ae palomabh.ae 	palomabh.ae tft.ae 	tft.ae kabcs.ae 	kabcs.ae finenobleauto.ae 	finenobleauto.ae safoodstuff.ae 	safoodstuff.ae ditrol.ae 	ditrol.ae alhudauae.ae 	alhudauae.ae cityzonesupermarket.ae 	cityzonesupermarket.ae abraar.ae 	abraar.ae loucinjewellery.ae 	loucinjewellery.ae bombaytawa.ae 	bombaytawa.ae thekitchenstationrestaurant.bizonline.ae 	thekitchenstationrestaurant.bizonline.ae samysaloon.ae 	samysaloon.ae trc.ae 	trc.ae elementesse.bizonline.ae 	elementesse.bizonline.ae flairbeauty.ae 	flairbeauty.ae sevenemiratesglass.bizonline.ae 	sevenemiratesglass.bizonline.ae savinghm.ae 	savinghm.ae mkscdxb.ae 	mkscdxb.ae www.jehanrelaxation.ae 	www.jehanrelaxation.ae goldsandwague.ae 	goldsandwague.ae almajdlibrary.ae 	almajdlibrary.ae najmatprefab.ae 	najmatprefab.ae najmatalrolla.ae 	najmatalrolla.ae asfm.ae 	asfm.ae akremt.ae 	akremt.ae rocaspa.ae 	rocaspa.ae globalfalconitsolutions.bizonline.ae 	globalfalconitsolutions.bizonline.ae uwss.bizonline.ae 	uwss.bizonline.ae kimchigreen.ae 	kimchigreen.ae aljafliyahgas.ae 	aljafliyahgas.ae championspeed.bizonline.ae 	championspeed.bizonline.ae topnotch.bizonline.ae 	topnotch.bizonline.ae alrakaiztransportationandcontracting.ae 	alrakaiztransportationandcontracting.ae yunusbros.ae 	yunusbros.ae jupiterclinics.ae 	jupiterclinics.ae beirutroaster.ae 	beirutroaster.ae azmtrllc.ae 	azmtrllc.ae amanatravel.ae 	amanatravel.ae jazirahaviation.ae 	jazirahaviation.ae fasttrend.bizonline.ae 	fasttrend.bizonline.ae kalzak.ae 	kalzak.ae globalcoverage.bizonline.ae 	globalcoverage.bizonline.ae bharna.bizonline.ae 	bharna.bizonline.ae lobotailors.bizonline.ae 	lobotailors.bizonline.ae mjpindustries.bizonline.ae 	mjpindustries.bizonline.ae tropicalspa.bizonline.ae 	tropicalspa.bizonline.ae newmumbaise.ae 	newmumbaise.ae yaktrading.ae 	yaktrading.ae amriyyaconsultancy.ae 	amriyyaconsultancy.ae moazaalqama.ae 	moazaalqama.ae ilinktech.ae 	ilinktech.ae momen.bizonline.ae 	momen.bizonline.ae alwaseem.bizonline.ae 	alwaseem.bizonline.ae alsarhtours.ae 	alsarhtours.ae octobersbs.ae 	octobersbs.ae aldorralaundary.ae 	aldorralaundary.ae madaralkawakeb.ae 	madaralkawakeb.ae amaliasalon03.ae 	amaliasalon03.ae venecia-cafe.ae 	venecia-cafe.ae salimcraft.ae 	salimcraft.ae mahratradinginfoservices.ae 	mahratradinginfoservices.ae alamawajalarzuqspa.bizonline.ae 	alamawajalarzuqspa.bizonline.ae yashelec.ae 	yashelec.ae jdgroup.ae 	jdgroup.ae osmafoods.ae 	osmafoods.ae mohdakramjew.ae 	mohdakramjew.ae alrabiabcs.ae 	alrabiabcs.ae desertkings.ae 	desertkings.ae virgingcc.ae 	virgingcc.ae artnovo.bizonline.ae 	artnovo.bizonline.ae www.coolstarspa.ae 	www.coolstarspa.ae abtadvo.ae 	abtadvo.ae jinquan.ae 	jinquan.ae ariessaloon.ae 	ariessaloon.ae beautyfirstsaloon.ae 	beautyfirstsaloon.ae aldarpaints.ae 	aldarpaints.ae lamanevents.ae 	lamanevents.ae alareeshpropertymanagement.bizonline.ae 	alareeshpropertymanagement.bizonline.ae sayainternational.ae 	sayainternational.ae saaf1.ae 	saaf1.ae chiffchaffsaloon.ae 	chiffchaffsaloon.ae vistaprime.bizonline.ae 	vistaprime.bizonline.ae brothersdestiny.ae 	brothersdestiny.ae albasheerstudio.bizonline.ae 	albasheerstudio.bizonline.ae hallyautoparts.bizonline.ae 	hallyautoparts.bizonline.ae concordoffice.ae 	concordoffice.ae dsmetal.ae 	dsmetal.ae nadiaadvocacy.bizonline.ae 	nadiaadvocacy.bizonline.ae ritzdentalclinic.ae 	ritzdentalclinic.ae globalstore.bizonline.ae 	globalstore.bizonline.ae ozonetourism.ae 	ozonetourism.ae loaloa.ae 	loaloa.ae kalematcenter.bizonline.ae 	kalematcenter.bizonline.ae mabeaat.ae 	mabeaat.ae seatholidaysdubaillc.bizonline.ae 	seatholidaysdubaillc.bizonline.ae fiverivers.bizonline.ae 	fiverivers.bizonline.ae wadialmahalguardservices.ae 	wadialmahalguardservices.ae seatholidays.bizonline.ae 	seatholidays.bizonline.ae asiainternationalsaloon.ae 	asiainternationalsaloon.ae jubilygroup.bizonline.ae 	jubilygroup.bizonline.ae flashzoneelectronics.ae 	flashzoneelectronics.ae castletravelandtourism.ae 	castletravelandtourism.ae herbarladiesbeautycenter.bizonline.ae 	herbarladiesbeautycenter.bizonline.ae monterial.ae 	monterial.ae khawarnazeergarage.ae 	khawarnazeergarage.ae firsttimedcs.ae 	firsttimedcs.ae layalimahmoodiyyacafe.ae 	layalimahmoodiyyacafe.ae jrjtravelandtourism.ae 	jrjtravelandtourism.ae 5starfacilities.ae 	5starfacilities.ae aldhoaalshared.ae 	aldhoaalshared.ae rainuae.ae 	rainuae.ae taazamilk.bizonline.ae 	taazamilk.bizonline.ae brtsllc.ae 	brtsllc.ae shadessalon.bizonline.ae  shadessalon.bizonline.ae frontlineeng.ae 	frontlineeng.ae msmtechnical.ae 	msmtechnical.ae lighthouse.bizonline.ae 	lighthouse.bizonline.ae demo1.bizonline.ae 	demo1.bizonline.ae demo2.bizonline.ae 	demo2.bizonline.ae demo3.bizonline.ae 	demo3.bizonline.ae demo4.bizonline.ae 	demo4.bizonline.ae demo5.bizonline.ae 	demo5.bizonline.ae samit.ae 	samit.ae alnasr.bizonline.ae 	alnasr.bizonline.ae iqramiqbalcleaning.ae 	iqramiqbalcleaning.ae balqis.bizonline.ae 	balqis.bizonline.ae tabasamusalon.ae  tabasamusalon.ae ainblaaretransport.ae 	ainblaaretransport.ae hmtgentsalon.bizonline.ae 	hmtgentsalon.bizonline.ae alkhailylamri.bizonline.ae 	alkhailylamri.bizonline.ae fvpuae.ae 	fvpuae.ae gulfcolour.bizonline.ae 	gulfcolour.bizonline.ae albatal.bizonline.ae 	albatal.bizonline.ae stalwartmobilestrading.bizonline.ae 	stalwartmobilestrading.bizonline.ae littleacornsmontessorinursery.bizonline.ae 	littleacornsmontessorinursery.bizonline.ae pacificmotors.ae  pacificmotors.ae goldenpeakconsultingenginee.bizonline.ae 	goldenpeakconsultingenginee.bizonline.ae esmart.bizonline.ae 	esmart.bizonline.ae  solutionsvision.bizonline.ae 	solutionsvision.bizonline.ae 
